;papel;tipo;empresa;setor;cotacao;dt_ult_cotacao;min_52_sem;max_52_sem;vol_med
0;AALR3;ON NM;ALLIAR ON NM;Serv.Méd.Hospit. Análises e Diagnósticos;18,50;30/11/2021;8,63;18,65;18.459.600
1;ABCB4;PN N2;ABC Brasil PN N2;Intermediários Financeiros;16,93;30/11/2021;13,71;17,55;15.340.700
2;ABEV3;ON;AMBEV S/A ON;Bebidas;16,06;30/11/2021;13,77;19,60;432.646.000
3;ADHM3;ON;ADVANCED-DH ON;;1,56;28/12/2020;1,07;3,24;2.064
4;AERI3;ON NM;AERIS ON NM;Máquinas e Equipamentos;7,85;30/11/2021;6,86;13,13;14.125.700
5;AESB3;ON NM;AES BRASIL ON NM;Energia Elétrica;11,30;30/11/2021;10,90;17,40;19.087.200
6;AFLT3;ON;AFLUENTE T ON;Energia Elétrica;8,66;30/11/2021;8,23;10,88;6.958
7;AGRO3;ON NM;BRASILAGRO ON NM;Agropecuária;23,54;30/11/2021;19,76;32,85;26.752.700
8;AHEB3;ON;PARQUE ANHEMBI ON;Viagens e Lazer;26,50;29/11/2021;20,00;28,90;1.545
9;ALLD3;ON NM;ALLIED ON NM;Comércio;16,21;30/11/2021;15,59;37,73;7.064.090
10;ALPA3;ON N1;ALPARGATAS ON N1;Tecidos, Vestuário e Calçados;32,85;30/11/2021;28,80;52,36;81.348
11;ALPA4;PN N1;ALPARGATAS PN N1;Tecidos, Vestuário e Calçados;39,09;30/11/2021;33,15;60,81;121.147.000
12;ALPK3;ON NM;ESTAPAR ON NM;Serviços Diversos;4,01;30/11/2021;4,01;9,55;132.546
13;ALSO3;ON;ALIANSCSONAE ON;Exploração de Imóveis;20,56;30/11/2021;19,18;32,07;32.125.000
14;ALUP11;UNT N2;ALUPAR UNT N2;Energia Elétrica;24,16;30/11/2021;22,45;28,15;23.000.000
15;ALUP3;ON N2;ALUPAR ON N2;Energia Elétrica;8,11;30/11/2021;7,64;9,31;981.900
16;ALUP4;PN N2;ALUPAR PN N2;Energia Elétrica;8,06;30/11/2021;7,37;9,54;984.038
17;AMAR3;ON NM;LOJAS MARISA ON NM;Comércio;3,69;30/11/2021;3,69;10,01;33.815.400
18;AMBP3;ON NM;AMBIPAR ON NM;Água e Saneamento;39,44;30/11/2021;20,93;69,45;72.354.800
19;ANIM3;ON NM;ANIMA ON NM;Diversos;8,56;30/11/2021;6,60;14,30;28.831.200
20;APER3;ON;ALPER S.A. ON;Previdência e Seguros;28,95;30/11/2021;27,80;60,48;1.673.870
21;ARZZ3;ON NM;AREZZO CO ON NM;Comércio;67,16;30/11/2021;62,61;100,81;75.593.600
22;ASAI3;ON NM;ASSAI ON NM;Comércio e Distribuição;12,75;30/11/2021;12,75;19,45;210.935.000
23;ATMP3;ON;ATMASA ON;Serviços Diversos;3,53;30/11/2021;2,24;12,53;194.069
24;ATOM3;ON;ATOMPAR ON;Outros;3,09;30/11/2021;2,96;11,30;111.373
25;AURA33;DR3;AURA 360 DR3;Mineração;44,25;30/11/2021;44,25;69,25;5.452.660
26;AVLL3;ON NM;ALPHAVILLE ON NM;Construção Civil;24,00;30/11/2021;19,16;31,94;636.067
27;AZEV3;ON;AZEVEDO & TRAVASSOS ON;Construção e Engenharia;3,56;30/11/2021;3,56;8,23;518.536
28;AZEV4;PN;AZEVEDO & TRAVASSOS PN;Construção e Engenharia;2,84;30/11/2021;2,19;7,64;2.404.300
29;AZUL4;PN;AZUL PN;Transporte;23,38;30/11/2021;23,30;48,55;238.767.000
30;B3SA3;ON;B3 ON;Serviços Financeiros Diversos;11,11;30/11/2021;11,11;20,17;591.774.000
31;BAHI3;ON;BAHEMA ON;Diversos;13,78;30/11/2021;13,01;17,30;27.013
32;BALM3;ON;BAUMER ON;Equipamentos;15,81;30/11/2021;15,21;24,24;2.567
33;BALM4;PN;BAUMER PN;Equipamentos;13,70;30/11/2021;12,84;21,30;11.444
34;BAUH4;PN;EXCELSIOR PN;Alimentos Processados;83,70;30/11/2021;76,98;97,09;32.548
35;BAZA3;ON;BANCO DA AMAZONIA S.A. ON;Intermediários Financeiros;38,60;30/11/2021;35,20;41,84;29.434
36;BBAS3;ON;BANCO DO BRASIL S.A. ON;Intermediários Financeiros;31,84;30/11/2021;26,61;37,52;450.170.000
37;BBDC3;ON N1;BANCO BRADESCO S.A. ON N1;Intermediários Financeiros;17,02;30/11/2021;16,54;23,85;142.797.000
38;BBDC4;PN N1;BANCO BRADESCO S.A. PN N1;Intermediários Financeiros;19,91;30/11/2021;19,05;27,84;938.608.000
39;BBRK3;ON NM;BR Brokers ON NM;Exploração de Imóveis;1,06;30/11/2021;1,06;4,00;3.370.530
40;BBSE3;ON NM;BBSEGURIDADE ON NM;Previdência e Seguros;20,88;30/11/2021;18,40;28,98;120.797.000
41;BDLL3;ON;BAEDELLA ON;Máquinas e Equipamentos;12,00;30/11/2021;8,00;24,31;30.290
42;BDLL4;PN;BAEDELLA PN;Máquinas e Equipamentos;10,90;30/11/2021;8,79;16,50;6.212
43;BEEF3;ON NM;Minerva ON NM;Alimentos Processados;8,58;30/11/2021;7,53;10,82;84.059.500
44;BEES3;ON;BANESTES S/A ON;Intermediários Financeiros;4,69;30/11/2021;4,60;5,39;73.740
45;BEES4;PN;BANESTES S/A PN;Intermediários Financeiros;5,72;30/11/2021;5,32;6,14;15.470
46;BGIP3;ON;BANESE ON;Intermediários Financeiros;31,10;30/11/2021;31,00;43,90;2.366
47;BGIP4;PN;BANESE PN;Intermediários Financeiros;23,30;30/11/2021;21,63;26,00;5.570
48;BIDI11;UNT N2;BANCO INTER UNT N2;Intermediários Financeiros;36,23;30/11/2021;24,73;84,90;449.297.000
49;BIDI3;ON N2;BANCO INTER ON N2;Intermediários Financeiros;12,06;30/11/2021;8,05;28,22;24.489.100
50;BIDI4;PN N2;BANCO INTER PN N2;Intermediários Financeiros;11,95;30/11/2021;8,41;28,50;144.750.000
51;BIOM3;ON;BIOMM SA ON;Medicamentos e Outros Produtos;13,00;30/11/2021;12,20;17,95;106.702
52;BKBR3;ON NM;BK BRASIL ON NM;Hoteis e Restaurantes;6,56;30/11/2021;6,56;12,40;24.693.100
53;BMEB3;ON;BANCO MERCANTIL DO BRASIL S/A ON;Intermediários Financeiros;22,00;30/11/2021;14,88;25,60;4.586
54;BMEB4;PN;BANCO MERCANTIL DO BRASIL S/A PN;Intermediários Financeiros;18,15;30/11/2021;14,67;21,03;59.261
55;BMGB4;PN N1;BANCO BMG PN N1;Intermediários Financeiros;2,89;30/11/2021;2,88;6,23;3.999.100
56;BMIN3;ON;BANCO MERCANTIL DE INVESTIMENTOS SA ON;Intermediários Financeiros;24,98;19/11/2021;19,70;26,75;1.074
57;BMIN4;PN;BANCO MERCANTIL DE INVESTIMENTOS SA PN;Intermediários Financeiros;17,55;30/11/2021;17,00;24,83;7.768
58;BMKS3;ON;MONARK ON;Viagens e Lazer;230,39;30/11/2021;214,95;287,29;115.977
59;BMOB3;ON NM;BEMOBI TECH ON NM;Programas e Serviços;14,40;30/11/2021;12,77;26,61;18.917.000
60;BNBR3;ON;BANCO DO NORDESTE ON;Intermediários Financeiros;67,98;22/11/2021;61,95;72,62;13.785
61;BOAS3;ON NM;BOA VISTA ON NM;Serviços Financeiros Diversos;7,50;30/11/2021;7,50;14,00;9.816.020
62;BOBR4;PN;BOMBRIL SA PN;Produtos de Uso Pessoal e de Limpeza;1,71;30/11/2021;1,68;3,16;103.097
63;BPAC11;UNT;BTGP BANCO UNT;Intermediários Financeiros;20,94;30/11/2021;19,64;32,11;360.803.000
64;BPAC3;ON;BTGP BANCO ON;Intermediários Financeiros;13,49;30/11/2021;10,10;21,19;133.511
65;BPAC5;PNA;BTGP BANCO PNA;Intermediários Financeiros;4,97;30/11/2021;4,34;8,78;103.687
66;BPAN4;PN;BANCO PAN PN;Intermediários Financeiros;11,26;30/11/2021;9,18;25,58;113.554.000
67;BRAP3;ON N1;BRADESPAR S/A ON N1;Mineração;47,30;30/11/2021;42,19;59,90;8.745.780
68;BRAP4;PN N1;BRADESPAR S/A PN N1;Mineração;49,75;30/11/2021;44,90;70,47;160.115.000
69;BRFS3;ON NM;BRF Foods ON NM;Alimentos Processados;19,75;30/11/2021;19,75;30,07;170.935.000
70;BRGE11;PNE;CONSORCIO ALFA PNE;Previdência e Seguros;7,91;25/11/2021;7,61;17,76;206
71;BRGE12;PNF;CONSORCIO ALFA PNF;Previdência e Seguros;6,90;26/11/2021;5,87;6,99;414
72;BRGE3;ON;CONSORCIO ALFA ON;Previdência e Seguros;7,52;30/11/2021;7,52;11,15;1.786
73;BRGE5;PNA;CONSORCIO ALFA PNA;Previdência e Seguros;10,41;03/08/2021;10,15;27,89;0
74;BRGE6;PNB;CONSORCIO ALFA PNB;Previdência e Seguros;12,99;20/07/2021;11,94;18,01;0
75;BRGE8;PND;CONSORCIO ALFA PND;Previdência e Seguros;10,24;12/11/2021;7,61;11,72;26
76;BRIV3;ON;ALFA DE INVESTIMENTO ON;Intermediários Financeiros;8,75;26/11/2021;8,38;15,98;1.496
77;BRKM3;ON N1;BRASKEM ON N1;Químicos;46,50;30/11/2021;22,55;65,80;407.433
78;BRKM5;PNA N1;BRASKEM PNA N1;Químicos;50,05;30/11/2021;21,21;70,17;152.946.000
79;BRKM6;PNB N1;BRASKEM PNB N1;Químicos;31,00;18/11/2021;17,60;44,00;719
80;BRML3;ON;BR MALLS PARTICIPAÇÔES S/A ON;Exploração de Imóveis;7,90;30/11/2021;6,97;11,80;161.980.000
81;BRPR3;ON NM;BR PROPERTIES ON NM;Exploração de Imóveis;7,20;30/11/2021;7,15;10,61;17.074.900
82;BRSR3;ON;BANRISUL S/A ON;Intermediários Financeiros;11,49;30/11/2021;11,40;15,35;89.229
83;BRSR5;PNA;BANRISUL S/A PNA;Intermediários Financeiros;17,30;19/11/2021;15,79;19,91;593
84;BRSR6;PNB;BANRISUL S/A PNB;Intermediários Financeiros;10,10;30/11/2021;9,96;14,13;27.402.800
85;BSEV3;ON NM;BIOSEV ON NM;Alimentos Processados;9,00;14/05/2021;4,73;9,86;0
86;BSLI3;ON;BRB ON;Intermediários Financeiros;26,00;30/11/2021;15,49;105,24;4.378
87;BSLI4;ON;BRB ON;Intermediários Financeiros;14,03;30/11/2021;14,03;103,87;6.147
88;BTTL3;ON;EMBPAR S/A ON;Comércio;20,19;09/06/2021;5,60;22,32;395.854
89;CAMB3;ON;PENALTY ON;Tecidos, Vestuário e Calçados;4,79;30/11/2021;3,63;6,20;188.526
90;CAML3;ON NM;CAMIL ON NM;Alimentos Processados;9,57;30/11/2021;8,60;11,50;18.712.300
91;CARD3;ON NM;CSU CARDSYST ON NM;Serviços Diversos;12,58;30/11/2021;12,58;27,21;6.227.010
92;CASH3;ON NM;MELIUZ ON NM;Programas e Serviços;2,99;30/11/2021;1,61;12,33;191.349.000
93;CBEE3;ON;AMPLA ENERG ON;Energia Elétrica;23,00;30/11/2021;14,96;30,27;2.302
94;CCRO3;ON NM;COMPANHIA DE CONCESSÕES RODOVIÁRIAS ON NM;Transporte;12,31;30/11/2021;10,80;14,12;187.998.000
95;CEAB3;ON NM;CEA MODAS ON NM;Comércio;6,46;30/11/2021;6,06;15,31;23.353.300
96;CEBR3;ON;CEB - COMPANHIA ENERGÉTICA DE BRASÍLIA ON;Energia Elétrica;16,60;30/11/2021;14,44;27,86;90.465
97;CEBR5;PNA;CEB - COMPANHIA ENERGÉTICA DE BRASÍLIA PNA;Energia Elétrica;16,45;30/11/2021;15,36;29,84;60.614
98;CEBR6;PNB;CEB - COMPANHIA ENERGÉTICA DE BRASÍLIA PNB;Energia Elétrica;16,70;30/11/2021;14,96;27,17;376.652
99;CEDO3;ON;CIA. DE FIAÇÃO E TECIDOS CEDRO CACHOEIRA ON;Tecidos, Vestuário e Calçados;7,00;30/11/2021;6,50;17,20;8.178
100;CEDO4;PN;CIA. DE FIAÇÃO E TECIDOS CEDRO CACHOEIRA PN;Tecidos, Vestuário e Calçados;5,81;30/11/2021;5,04;8,34;17.687
101;CEEB3;ON;COELBA ON;Energia Elétrica;34,50;30/11/2021;33,70;56,53;39.378
102;CEED3;ON N1;CEEE-D ON N1;Energia Elétrica;40,00;23/11/2021;40,00;76,81;528
103;CEED4;PN N1;CEEE-D PN N1;Energia Elétrica;55,80;13/08/2021;53,00;72,00;0
104;CEGR3;ON;CEG ON;Gás;60,00;26/10/2021;57,99;113,74;450
105;CEPE5;PNA;CELPE PNA;Energia Elétrica;26,32;23/11/2021;22,04;31,00;2.854
106;CEPE6;PNB;CELPE PNB;Energia Elétrica;27,81;30/11/2021;26,15;42,72;6.010
107;CESP3;ON;CESP CIA ENERGETICA SAO PAULO ON;Energia Elétrica;22,51;30/11/2021;22,00;31,48;265.408
108;CESP5;PNA;CESP CIA ENERGETICA SAO PAULO PNA;Energia Elétrica;33,50;25/11/2021;29,01;47,23;246
109;CESP6;PNB;CESP CIA ENERGETICA SAO PAULO PNB;Energia Elétrica;23,77;30/11/2021;22,59;28,79;66.930.600
110;CGAS3;ON;COMPANHIA DE GÁS DE SÃO PAULO - COMGÁS ON;Gás;149,99;18/11/2021;140,00;186,39;3.654
111;CGAS5;PNAS;COMPANHIA DE GÁS DE SÃO PAULO - COMGÁS PNAS;Gás;149,99;30/11/2021;136,00;182,28;254.077
112;CGRA3;ON;GRAZZIOTIN ON;Comércio;44,99;30/11/2021;29,15;50,85;87.280
113;CGRA4;PN;GRAZZIOTIN PN;Comércio;43,49;30/11/2021;26,48;49,90;773.734
114;CIEL3;ON NM;CIELO ON NM;Serviços Financeiros Diversos;2,07;30/11/2021;2,07;4,31;90.561.600
115;CLSC3;ON N2;CELESC ON N2;Energia Elétrica;62,00;29/11/2021;52,44;94,76;10.326
116;CLSC4;PN N2;CELESC PN N2;Energia Elétrica;69,25;30/11/2021;45,88;78,26;406.728
117;CMIG3;ON N1;CEMIG ON N1;Energia Elétrica;17,30;30/11/2021;11,82;18,99;8.550.520
118;CMIG4;PN N1;CEMIG PN N1;Energia Elétrica;13,14;30/11/2021;9,74;15,11;144.132.000
119;CMIN3;ON N2;CSNMINERACAO ON N2;Mineração;5,97;30/11/2021;5,21;10,51;58.572.100
120;COCE3;ON;CIA ENERG CEARA - COELCE ON;Energia Elétrica;60,00;29/11/2021;48,49;85,39;766
121;COCE5;PNA;CIA ENERG CEARA - COELCE PNA;Energia Elétrica;55,00;30/11/2021;47,14;60,61;1.086.870
122;COGN3;ON;COGNA ON;Diversos;2,48;30/11/2021;2,35;5,30;112.554.000
123;CORR4;PN;CORREA RIBEIRO SA COM. IND. PN;Exploração de Imóveis;82,00;11/02/2021;82,00;82,00;0
124;CPFE3;ON;CPFL ENERGIA S.A. ON;Energia Elétrica;26,40;30/11/2021;23,14;30,39;118.963.000
125;CPLE3;ON;COPEL ON;Energia Elétrica;5,56;30/11/2021;4,86;6,28;12.083.100
126;CPLE6;PNB;COPEL PNB;Energia Elétrica;6,14;30/11/2021;4,93;6,80;114.914.000
127;CRDE3;ON;CR2 ON;Construção Civil;20,84;30/11/2021;18,22;28,00;4.685
128;CRFB3;ON NM;CARREFOUR BR ON NM;Comércio e Distribuição;15,33;30/11/2021;15,33;22,94;73.743.100
129;CRIV3;ON;ALFA FINANCEIRA ON;Intermediários Financeiros;4,90;30/11/2021;4,85;7,17;1.867
130;CRIV4;PN;ALFA FINANCEIRA PN;Intermediários Financeiros;5,79;30/11/2021;5,52;6,40;12.451
131;CRPG3;ON;CRISTAL ON;Químicos;94,69;30/11/2021;25,46;127,97;237
132;CRPG5;PNA;CRISTAL PNA;Químicos;54,00;30/11/2021;24,99;118,71;3.410.710
133;CRPG6;PNB;CRISTAL PNB;Químicos;64,99;29/11/2021;24,58;118,04;27.209
134;CSAB3;ON;COMPANHIA DE SEGUROS ALIANÇA DA BAHIA ON;Previdência e Seguros;65,00;16/06/2021;46,66;69,01;0
135;CSAB4;PN;COMPANHIA DE SEGUROS ALIANÇA DA BAHIA PN;Previdência e Seguros;44,00;17/11/2021;40,04;53,00;1.461
136;CSAN3;ON;COSAN SA INDUSTRIA E COMERCIO ON;Petróleo, Gás e Biocombustíveis;21,25;30/11/2021;17,19;27,20;173.489.000
137;CSED3;ON NM;CRUZEIRO EDU ON NM;Diversos;6,50;30/11/2021;6,04;16,06;5.849.270
138;CSMG3;ON;COPASA MG ON;Água e Saneamento;12,82;30/11/2021;12,52;17,35;28.413.900
139;CSNA3;ON;CSN ON;Siderurgia e Metalurgia;21,76;30/11/2021;19,81;50,37;331.971.000
140;CSRN3;ON;COSERN ON;Energia Elétrica;16,87;25/11/2021;13,11;25,92;3.071
141;CSRN5;PNA;COSERN PNA;Energia Elétrica;15,30;16/11/2021;13,22;25,73;733
142;CSRN6;PNB;COSERN PNB;Energia Elétrica;14,70;17/11/2021;12,64;54,83;541
143;CTKA3;ON;KARSTEN ON;Tecidos, Vestuário e Calçados;23,00;22/11/2021;17,15;38,06;2.019
144;CTKA4;PN;KARSTEN PN;Tecidos, Vestuário e Calçados;14,41;30/11/2021;14,40;32,50;31.796
145;CTNM3;ON;COTEMINAS ON;Tecidos, Vestuário e Calçados;9,10;30/11/2021;9,10;13,70;1.243
146;CTNM4;PN;COTEMINAS PN;Tecidos, Vestuário e Calçados;3,74;30/11/2021;3,65;7,70;87.255
147;CTSA3;ON;SANTANENSE ON;Tecidos, Vestuário e Calçados;1,91;30/11/2021;1,91;3,77;38.237
148;CTSA4;PN;SANTANENSE PN;Tecidos, Vestuário e Calçados;1,39;30/11/2021;1,39;3,80;62.030
149;CURY3;ON NM;CURY S/A ON NM;Construção Civil;6,73;30/11/2021;6,60;11,13;6.690.530
150;CVCB3;ON NM;CVC BRASIL ON NM;Viagens e Lazer;13,62;30/11/2021;13,62;28,65;163.279.000
151;CYRE3;PN;CYRELA BRAZIL REALTY PN;Construção Civil;13,60;30/11/2021;13,60;28,94;135.243.000
152;DASA3;ON;DIAGNOSTICOS DA AMERICA SA ON;Serv.Méd.Hospit. Análises e Diagnósticos;34,85;30/11/2021;33,87;199,00;9.733.500
153;DIRR3;ON NM;Direcional Engenharia ON NM;Construção Civil;10,18;30/11/2021;9,54;15,02;19.579.700
154;DMMO3;ON;DOMMO ON;Petróleo, Gás e Biocombustíveis;0,61;30/11/2021;0,59;1,56;2.898.050
155;DMVF3;ON NM;D1000VFARMA ON NM;Comércio e Distribuição;4,61;30/11/2021;4,61;13,01;616.578
156;DOHL3;ON;DOHLER ON;Tecidos, Vestuário e Calçados;17,51;26/11/2021;17,51;44,63;721
157;DOHL4;PN;DOHLER PN;Tecidos, Vestuário e Calçados;6,12;30/11/2021;4,80;7,16;43.304
158;DTCY3;ON;DTCOM ON;Serviços Diversos;7,50;26/11/2021;6,81;14,00;8.665
159;EALT3;ON;ELECTRO AÇO ALTONA S/A ON;Máquinas e Equipamentos;11,10;30/11/2021;11,10;21,38;5.038
160;EALT4;PN;ELECTRO AÇO ALTONA S/A PN;Máquinas e Equipamentos;5,60;30/11/2021;4,50;8,31;142.160
161;ECOR3;ON NM;ECORODOVIAS ON NM;Transporte;8,30;30/11/2021;8,19;13,55;62.817.900
162;EEEL3;ON N1;CEEE ON N1;Energia Elétrica;375,00;26/11/2021;236,29;375,00;5.094
163;EEEL4;PN N1;CEEE PN N1;Energia Elétrica;350,00;11/11/2021;236,72;350,00;2.625
164;EGIE3;ON; ENGIE BRASIL ON;Energia Elétrica;38,53;30/11/2021;36,16;43,90;56.535.900
165;EKTR3;ON;ELEKTRO ELETRICIDADE E SERVIÇOS S.A. ON;Energia Elétrica;36,08;09/11/2021;21,36;45,99;674
166;EKTR4;PN;ELEKTRO ELETRICIDADE E SERVIÇOS S.A. PN;Energia Elétrica;26,70;26/11/2021;20,46;31,30;16.802
167;ELET3;ON;ELETROBRÁS ON;Energia Elétrica;32,63;30/11/2021;25,39;47,57;184.484.000
168;ELET5;PNA;ELETROBRÁS PNA;Energia Elétrica;65,00;24/11/2021;37,29;80,50;488
169;ELET6;PNB;ELETROBRÁS PNB;Energia Elétrica;32,05;30/11/2021;26,36;47,42;87.123.900
170;ELMD3;ON NM;ELETROMIDIA ON NM;Mídia;10,47;30/11/2021;10,47;22,79;3.298.700
171;EMAE4;PN;EMAE PN;Energia Elétrica;59,99;30/11/2021;35,23;97,11;281.253
172;EMBR3;ON;EMBRAER ON;Material de Transporte;19,14;30/11/2021;8,22;26,05;220.314.000
173;ENAT3;ON;ENAUTA PART ON;Petróleo, Gás e Biocombustíveis;13,32;30/11/2021;10,08;18,71;21.772.200
174;ENBR3;ON;EDP ENERGIAS DO BRASIL S/A ON;Energia Elétrica;21,40;30/11/2021;16,94;21,40;74.837.600
175;ENEV3;ON;ENEVA ON;Energia Elétrica;13,95;30/11/2021;13,75;18,61;92.845.300
176;ENGI11;UNT N2;ENERGISA UNT N2;Energia Elétrica;45,49;30/11/2021;39,28;50,34;95.177.200
177;ENGI3;ON;ENERGISA ON;Energia Elétrica;16,40;30/11/2021;13,20;19,02;147.006
178;ENGI4;PN;ENERGISA PN;Energia Elétrica;7,26;30/11/2021;6,34;8,28;187.935
179;ENJU3;ON NM;ENJOEI ON NM;Programas e Serviços;2,89;30/11/2021;2,89;20,90;10.385.500
180;ENMT3;ON;ENERGISA MT ON;Energia Elétrica;79,79;30/11/2021;24,87;79,99;101.392
181;ENMT4;ON;ENERGISA MT ON;Energia Elétrica;80,30;29/11/2021;28,46;80,40;22.509
182;EQMA3B;ON MB;CEMAR ON MB;Energia Elétrica;41,75;30/11/2021;37,87;44,20;129.100
183;EQPA3;ON;EQTL PARA ON;Energia Elétrica;5,00;30/11/2021;2,69;5,82;40.088
184;EQPA5;PNA;EQTL PARA PNA;Energia Elétrica;7,08;25/11/2021;4,70;9,58;9.072
185;EQPA7;PNC;EQTL PARA PNC;Energia Elétrica;7,00;01/11/2021;4,58;9,60;539
186;EQTL3;ON NM;EQUATORIAL ENERGIA S.A. ON NM;Energia Elétrica;22,57;30/11/2021;19,30;26,31;179.450.000
187;ESPA3;ON NM;ESPACOLASER ON NM;Comércio;8,15;30/11/2021;8,15;21,50;26.683.100
188;ESTR4;PN;ESTRELA PN;Viagens e Lazer;67,18;22/10/2021;25,67;80,80;1.633
189;ETER3;ON;ETERNIT ON;Construção e Engenharia;14,75;30/11/2021;10,18;33,83;20.844.200
190;EUCA3;ON;EUCATEX ON;Madeira e Papel;13,00;30/11/2021;12,93;26,06;119.993
191;EUCA4;PN;EUCATEX PN;Madeira e Papel;8,36;30/11/2021;6,77;11,99;903.996
192;EVEN3;ON NM;Even ON NM;Construção Civil;6,15;30/11/2021;6,03;12,32;13.066.700
193;EZTC3;ON NM;EZTec ON NM;Construção Civil;18,14;30/11/2021;18,12;44,99;55.721.000
194;FESA3;ON;FERBASA ON;Siderurgia e Metalurgia;50,00;30/11/2021;26,27;60,33;19.303
195;FESA4;PN;FERBASA PN;Siderurgia e Metalurgia;43,46;30/11/2021;17,61;59,10;27.055.200
196;FHER3;ON NM;Fer Heringer ON NM;Químicos;18,82;30/11/2021;2,87;46,77;53.018.700
197;FLRY3;ON NM;FLEURY ON NM;Serv.Méd.Hospit. Análises e Diagnósticos;17,47;30/11/2021;17,47;28,01;46.642.800
198;FRAS3;ON;FRAS-LE S.A. ON;Material de Transporte;12,54;30/11/2021;7,82;17,30;2.254.310
199;FRIO3;ON NM;Metalfrio ON NM;Máquinas e Equipamentos;50,59;29/11/2021;41,00;94,12;2.303
200;FRTA3;ON NM;POMIFRUTAS ON NM;Agropecuária;5,55;30/11/2021;4,99;10,75;32.349
201;GEPA3;ON;DUKE ENERGY INT,GERAÇÃO PARANAPANEMA SA ON;Energia Elétrica;32,00;30/11/2021;31,50;42,61;3.533
202;GEPA4;PN;DUKE ENERGY INT,GERAÇÃO PARANAPANEMA SA PN;Energia Elétrica;31,53;30/11/2021;31,53;41,53;68.471
203;GFSA3;ON;GAFISA ON;Construção Civil;2,04;30/11/2021;2,00;5,91;22.531.700
204;GGBR3;ON N1;GERDAU S.A. ON N1;Siderurgia e Metalurgia;21,04;30/11/2021;16,39;27,19;1.990.370
205;GGBR4;PN N1;GERDAU S.A. PN N1;Siderurgia e Metalurgia;25,80;30/11/2021;19,96;33,77;368.340.000
206;GMAT3;ON NM;GRUPO MATEUS ON NM;Comércio e Distribuição;5,86;30/11/2021;5,86;9,00;38.966.100
207;GNDI3;ON NM;INTERMEDICA ON NM;Serv.Méd.Hospit. Análises e Diagnósticos;61,46;30/11/2021;61,46;101,10;280.880.000
208;GOAU3;ON N1;METALÚRGICA GERDAU ON N1;Siderurgia e Metalurgia;9,56;30/11/2021;7,18;12,87;1.960.290
209;GOAU4;PN N1;METALÚRGICA GERDAU PN N1;Siderurgia e Metalurgia;10,65;30/11/2021;8,39;13,70;148.346.000
210;GOLL4;PN;GOL LINHAS AEREAS INTELIGENTES SA PN;Transporte;16,00;30/11/2021;15,08;27,97;120.994.000
211;GPIV33;DR3;GP INVESTMENTS, LTD DR3;Serviços Financeiros Diversos;5,78;30/11/2021;3,51;7,55;2.260.130
212;GRND3;ON;GRENDENE SA ON;Tecidos, Vestuário e Calçados;8,38;30/11/2021;6,44;12,28;21.283.700
213;GSHP3;ON NM;Generalshopp ON NM;Exploração de Imóveis;36,00;29/11/2021;35,40;61,93;26.433
214;GUAR3;ON;GUARARAPES CONFECÇÕES ON;Comércio;10,20;30/11/2021;10,20;22,83;10.723.400
215;HAGA3;ON;HAGA ON;Construção e Engenharia;3,83;30/11/2021;2,85;4,62;80.412
216;HAGA4;ON;HAGA ON;Construção e Engenharia;1,84;30/11/2021;1,76;3,85;126.346
217;HAPV3;ON NM;HAPVIDA ON NM;Serv.Méd.Hospit. Análises e Diagnósticos;10,91;30/11/2021;10,91;18,17;248.478.000
218;HBOR3;ON;Helbor ON;Construção Civil;4,30;30/11/2021;4,30;12,46;8.334.700
219;HBRE3;ON NM;HBR REALTY ON NM;Exploração de Imóveis;9,80;30/11/2021;9,12;18,90;187.804
220;HBSA3;ON NM;HIDROVIAS ON NM;Transporte;2,71;30/11/2021;2,71;7,63;15.510.900
221;HBTS5;PNA;CIA HABITASUL PNA;Exploração de Imóveis;49,50;30/11/2021;21,37;81,65;16.173
222;HETA4;PN;HERCULES S/A PN;Utilidades Domésticas;14,00;30/11/2021;7,50;17,44;90.908
223;HGTX3;ON N1;CIA HERING ON N1;Tecidos, Vestuário e Calçados;37,50;17/09/2021;14,34;40,57;0
224;HOOT4;PN;HOTEIS OTHON S.A. PN;Hoteis e Restaurantes;2,92;30/11/2021;2,55;5,50;422.208
225;HYPE3;ON;HYPERA ON;Comércio e Distribuição;27,12;30/11/2021;27,12;36,70;103.463.000
226;IGBR3;ON;GRADIENTE ON;Exploração de Imóveis;38,00;30/11/2021;25,00;182,99;2.048.570
227;IGTA3;ON NM;IGUATEMI ON NM;Exploração de Imóveis;33,13;19/11/2021;28,62;46,40;63.455.800
228;INEP3;ON;INEPAR S/A ON;Máquinas e Equipamentos;1,51;30/11/2021;0,40;3,79;2.270.750
229;INEP4;PN;INEPAR S/A PN;Máquinas e Equipamentos;1,50;30/11/2021;0,41;3,88;2.473.220
230;INTB3;ON NM;INTELBRAS ON NM;Computadores e Equipamentos;26,54;30/11/2021;16,91;33,12;49.361.800
231;IRBR3;ON NM;IRBBRASIL RE ON NM;Previdência e Seguros;4,31;30/11/2021;4,00;8,21;69.822.300
232;ITSA3;ON N1;ITAÚSA ON N1;Intermediários Financeiros;9,71;30/11/2021;9,71;12,47;2.647.500
233;ITSA4;PN N1;ITAÚSA PN N1;Intermediários Financeiros;9,67;30/11/2021;9,38;11,84;331.570.000
234;ITUB3;ON N1;ITAUUNIBANCO ON N1;Intermediários Financeiros;20,10;30/11/2021;18,03;23,48;33.132.900
235;ITUB4;PN N1;ITAUUNIBANCO PN N1;Intermediários Financeiros;22,38;30/11/2021;20,02;27,05;1.041.110.000
236;JALL3;ON NM;JALLESMACHAD ON NM;Alimentos Processados;9,04;30/11/2021;7,30;10,65;7.408.340
237;JBSS3;ON NM;JBS ON NM;Alimentos Processados;35,65;30/11/2021;20,39;38,02;440.501.000
238;JHSF3;ON NM;JHSF Part ON NM;Construção Civil;4,70;30/11/2021;4,70;7,87;25.230.700
239;JOPA3;ON;JOSAPAR S/A ON;Alimentos Processados;28,50;30/11/2021;28,00;38,98;9.175
240;JOPA4;PN;JOSAPAR S/A PN;Alimentos Processados;37,00;06/10/2021;31,65;73,93;93
241;JPSA3;ON;IGUATEMI S.A ON;Exploração de Imóveis;29,02;19/11/2021;21,43;36,68;7.666.510
242;JSLG3;ON NM;JULIO SIMOES ON NM;Transporte;7,22;30/11/2021;6,62;12,61;6.049.840
243;KEPL3;ON;KEPLER WEBER SA ON;Máquinas e Equipamentos;31,23;30/11/2021;27,87;45,94;10.021.000
244;KLBN11;UNT N2;KLABIN UNT N2;Madeira e Papel;23,87;30/11/2021;22,02;30,70;147.575.000
245;KLBN3;ON N2;KLABIN ON N2;Madeira e Papel;5,97;30/11/2021;4,76;6,56;778.937
246;KLBN4;PN N2;KLABIN PN N2;Madeira e Papel;4,44;30/11/2021;4,13;6,05;3.100.500
247;LAME3;ON;LOJAS AMERICANAS S.A. ON;Comércio;5,44;30/11/2021;4,37;10,68;39.324.600
248;LAME4;PN;LOJAS AMERICANAS S.A. PN;Comércio;5,47;30/11/2021;4,64;11,99;187.033.000
249;LAVV3;ON NM;LAVVI ON NM;Construção Civil;4,63;30/11/2021;4,63;8,67;10.064.400
250;LCAM3;ON NM;LOCAMERICA ON NM;Diversos;23,17;30/11/2021;19,73;30,35;64.503.100
251;LEVE3;ON;MAHLE METAL LEVE ON;Automóveis e Motocicletas;29,29;30/11/2021;16,84;43,26;23.918.500
252;LIGT3;ON;LIGHT SA ON;Energia Elétrica;12,04;30/11/2021;9,68;23,90;34.955.000
253;LINX3;ON NM;LINX ON NM;Programas e Serviços;37,40;25/06/2021;35,53;38,39;0
254;LIPR3;ON;LIGHTPAR ON;Energia Elétrica;55,00;30/11/2021;55,00;74,69;6.866
255;LJQQ3;ON NM;QUERO-QUERO ON NM;Comércio;10,13;30/11/2021;10,13;24,87;34.402.100
256;LLIS3;ON;LE LIS BLANC DEUX ON;Comércio;1,27;30/11/2021;1,27;5,05;1.440.580
257;LOGG3;ON NM;LOG COM PROP ON NM;Exploração de Imóveis;22,01;30/11/2021;22,01;34,43;14.290.300
258;LOGN3;ON NM;Log-In ON NM;Transporte;20,65;30/11/2021;13,82;22,70;17.600.400
259;LPSB3;ON NM;LOPES BRASIL ON NM;Exploração de Imóveis;2,32;30/11/2021;2,29;5,29;3.492.710
260;LREN3;ON;RENNER ON;Comércio;28,45;30/11/2021;28,45;44,14;374.417.000
261;LUPA3;ON NM;LUPATECH ON NM;Petróleo, Gás e Biocombustíveis;5,18;30/11/2021;2,01;11,30;22.644.200
262;LUXM4;PN;TREVISA INVESTIMENTOS SA PN;Transporte;81,05;30/11/2021;58,38;81,05;24.554
263;LWSA3;ON NM;LOCAWEB ON NM;Programas e Serviços;13,19;30/11/2021;13,19;34,99;161.094.000
264;MAPT4;PN;CIA MARCOPOLO PN;Outros;37,95;24/09/2021;36,80;53,99;0
265;MATD3;ON NM;MATER DEI ON NM;Serv.Méd.Hospit. Análises e Diagnósticos;14,44;30/11/2021;14,44;21,55;9.879.210
266;MBLY3;ON NM;MOBLY ON NM;Programas e Serviços;4,80;30/11/2021;4,80;26,40;5.935.170
267;MDIA3;ON NM;M.DIASBRANCO ON NM;Alimentos Processados;27,78;30/11/2021;25,68;34,57;41.486.600
268;MDNE3;ON NM;MOURA DUBEUX ON NM;Construção Civil;4,69;30/11/2021;4,69;11,77;2.126.650
269;MEAL3;ON NM;IMC S/A ON NM;Hoteis e Restaurantes;2,68;30/11/2021;2,68;4,93;9.279.180
270;MELK3;ON NM;MELNICK ON NM;Construção Civil;3,97;30/11/2021;3,34;7,76;6.894.960
271;MERC3;ON;MERCANTIL BRASIL ON;Intermediários Financeiros;25,00;11/11/2021;21,40;44,94;63
272;MERC4;PN;MERCANTIL BRASIL PN;Intermediários Financeiros;10,01;29/11/2021;10,01;13,64;647
273;MGEL4;PN N1;MANGELS PN N1;Siderurgia e Metalurgia;14,00;30/11/2021;5,31;26,21;50.566
274;MGLU3;ON NM;MAGAZ LUIZA ON NM;Comércio;7,80;30/11/2021;7,80;26,22;685.981.000
275;MILS3;ON NM;MILLS ON NM;Construção e Engenharia;5,49;30/11/2021;4,82;8,97;8.597.850
276;MMXM3;ON NM;MMX MINER ON NM;Mineração;14,00;19/05/2021;14,00;37,20;0
277;MNDL3;ON;MUNDIAL S/A ON;Tecidos, Vestuário e Calçados;44,80;30/11/2021;20,53;68,96;105.360
278;MNPR3;ON;MINUPAR ON;Alimentos Processados;7,40;30/11/2021;6,17;25,00;125.445
279;MOAR3;ON;MONTEIRO ARANHA ON;Holdings Diversificadas;419,00;30/11/2021;188,41;419,00;1.320.400
280;MOSI3;ON NM;MOSAICO SA ON NM;Programas e Serviços;8,75;30/11/2021;8,45;41,03;18.726.900
281;MOVI3;ON NM;MOVIDA ON NM;Diversos;16,78;30/11/2021;14,85;22,77;41.076.200
282;MRFG3;ON NM;Marfrig ON NM;Alimentos Processados;23,57;30/11/2021;11,89;27,70;184.570.000
283;MRSA3B;ON MB;MRS LOGÍSTICA S/A ON MB;Transporte;35,70;22/11/2021;35,70;52,73;179
284;MRSA5B;PNA MB;MRS LOGÍSTICA S/A PNA MB;Transporte;40,29;21/10/2021;32,68;45,43;101
285;MRVE3;ON NM;MRV ON NM;Construção Civil;11,09;30/11/2021;10,15;20,17;66.738.000
286;MSPA3;ON;MELHORAMENTOS ON;Madeira e Papel;48,50;19/10/2021;48,00;48,50;121
287;MTIG4;PN;IGUAÇU PN;Embalagens;47,42;30/11/2021;32,00;89,80;27.456
288;MTRE3;ON NM;MITRE REALTY ON NM;Construção Civil;6,92;30/11/2021;5,71;16,06;5.569.220
289;MTSA4;PN;METISA PN;Máquinas e Equipamentos;42,88;30/11/2021;27,07;54,36;147.119
290;MULT3;ON N2;Multiplan ON N2;Exploração de Imóveis;19,60;30/11/2021;17,30;27,74;168.682.000
291;MWET3;ON;WETZEL S.A. ON;Material de Transporte;26,05;08/11/2021;26,05;69,78;850
292;MWET4;PN;WETZEL S.A. PN;Material de Transporte;14,02;30/11/2021;5,67;40,39;57.909
293;MYPK3;ON;IOCHPE-MAXION ON;Automóveis e Motocicletas;14,44;30/11/2021;11,70;19,51;31.988.500
294;NEOE3;ON NM;NEOENERGIA ON NM;Energia Elétrica;17,38;30/11/2021;14,61;18,85;37.784.700
295;NGRD3;ON NM;NEOGRID ON NM;Programas e Serviços;2,82;30/11/2021;2,82;11,71;8.702.110
296;NORD3;ON;NORDON INDS METALURGICAS SA ON;Máquinas e Equipamentos;13,96;29/11/2021;6,20;31,59;10.011
297;NTCO3;ON NM;GRUPO NATURA ON NM;Produtos de Uso Pessoal e de Limpeza;26,69;30/11/2021;26,69;61,05;402.775.000
298;NUTR3;ON;NUTRIPLANT ON;Químicos;253,00;03/09/2021;216,00;395,00;0
299;ODPV3;ON NM;ODONTOPREV ON NM;Serv.Méd.Hospit. Análises e Diagnósticos;12,59;30/11/2021;11,76;16,46;20.669.900
300;OFSA3;ON NM;OUROFINO S/A ON NM;Medicamentos e Outros Produtos;25,01;30/11/2021;25,00;38,45;537.043
301;OIBR3;ON N1;OI ON N1;Telecomunicações;0,88;30/11/2021;0,88;2,50;86.322.700
302;OIBR4;ON N1;OI ON N1;Telecomunicações;1,37;30/11/2021;1,37;3,64;1.632.200
303;OMGE3;ON NM;OMEGA GER ON NM;Energia Elétrica;27,14;30/11/2021;27,14;43,36;46.569.600
304;OPCT3;ON NM;OCEANPACT ON NM;Petróleo, Gás e Biocombustíveis;2,76;30/11/2021;2,76;11,15;3.649.090
305;ORVR3;ON NM;ORIZON ON NM;Água e Saneamento;22,55;30/11/2021;19,70;30,54;13.084.100
306;OSXB3;ON NM;OSX BRASIL ON NM;Petróleo, Gás e Biocombustíveis;9,03;30/11/2021;6,50;25,44;267.541
307;PARD3;ON NM;IHPARDINI ON NM;Serv.Méd.Hospit. Análises e Diagnósticos;19,33;30/11/2021;18,31;25,53;8.632.130
308;PATI3;ON;PANATLANTICA ON;Siderurgia e Metalurgia;69,88;29/11/2021;19,26;86,00;8.027
309;PATI4;PN;PANATLANTICA PN;Siderurgia e Metalurgia;59,00;30/11/2021;24,62;91,61;2.378
310;PCAR3;ON;PÃO DE AÇÚCAR ON;Comércio e Distribuição;22,40;30/11/2021;20,32;70,72;112.787.000
311;PDGR3;ON NM;PDG REALT ON NM;Construção Civil;1,46;30/11/2021;1,46;8,16;8.778.420
312;PDTC3;ON;PADTEC ON;Serviços Financeiros Diversos;4,85;30/11/2021;4,85;9,99;1.382.660
313;PEAB3;ON;CIA. DE PARTICIPAÇÕES ALIANÇA DA BAHIA ON;Holdings Diversificadas;79,50;16/11/2021;51,73;79,50;3.897
314;PEAB4;PN;CIA. DE PARTICIPAÇÕES ALIANÇA DA BAHIA PN;Holdings Diversificadas;66,19;30/11/2021;47,45;79,08;8.886
315;PETR3;ON;PETROBRAS ON;Petróleo, Gás e Biocombustíveis;30,14;30/11/2021;19,17;30,50;585.346.000
316;PETR4;PN;PETROBRAS PN;Petróleo, Gás e Biocombustíveis;29,43;30/11/2021;19,27;29,68;2.391.280.000
317;PETZ3;ON NM;PETZ ON NM;Comércio;18,21;30/11/2021;17,42;28,35;137.613.000
318;PFRM3;ON NM;PROFARMA ON NM;Comércio e Distribuição;4,79;30/11/2021;4,64;6,76;1.426.310
319;PGMN3;ON NM;PAGUE MENOS ON NM;Comércio e Distribuição;8,13;30/11/2021;8,10;13,65;11.922.700
320;PINE4;PN;Pine PN;Intermediários Financeiros;1,75;30/11/2021;1,75;3,44;467.500
321;PLAS3;ON;PLASCAR PARTICIPAÇÕES INDUSTRIAIS S.A ON;Automóveis e Motocicletas;11,00;30/11/2021;4,26;19,49;4.240
322;PLPL3;ON NM;PLANOEPLANO ON NM;Construção Civil;3,06;30/11/2021;2,98;8,95;4.056.520
323;PMAM3;ON;PARANAPANEMA S.A. ON;Siderurgia e Metalurgia;9,14;30/11/2021;8,57;23,45;5.302.110
324;PNVL3;ON;PANVEL FARMÁCIAS ON;Comércio e Distribuição;12,74;30/11/2021;11,98;22,95;14.581.500
325;PNVL4;PN;PANVEL FARMÁCIAS PN;Comércio e Distribuição;18,62;04/08/2021;16,80;21,50;0
326;POMO3;ON;MARCOPOLO ON;Material de Transporte;2,34;30/11/2021;2,32;3,27;788.130
327;POMO4;PN N2;MARCOPOLO PN N2;Material de Transporte;2,57;30/11/2021;2,45;3,57;11.685.800
328;POSI3;ON NM;POSITIVO INF ON NM;Computadores e Equipamentos;9,16;30/11/2021;3,85;15,58;39.935.000
329;POWE3;ON NM;FOCUS ON ON NM;Energia Elétrica;11,13;30/11/2021;11,13;18,24;4.854.520
330;PRIO3;ON;PETRORIO ON;Petróleo, Gás e Biocombustíveis;20,29;30/11/2021;10,18;28,15;624.674.000
331;PRNR3;ON NM;PRINER ON NM;Serviços Diversos;6,63;30/11/2021;6,30;10,64;1.105.890
332;PSSA3;ON;PORTO SEGURO SA ON;Previdência e Seguros;22,26;30/11/2021;20,12;28,98;65.694.100
333;PTBL3;ON;PORTOBELLO S/A ON;Construção e Engenharia;8,27;30/11/2021;5,73;17,97;12.978.400
334;PTNT3;ON;PETTENATI ON;Tecidos, Vestuário e Calçados;20,10;30/11/2021;5,20;29,03;458.307
335;PTNT4;PN;PETTENATI PN;Tecidos, Vestuário e Calçados;6,46;30/11/2021;4,28;7,54;150.106
336;QUAL3;ON NM;QUALICORP ON NM;Serv.Méd.Hospit. Análises e Diagnósticos;15,73;30/11/2021;15,73;33,09;36.480.500
337;RADL3;ON;RAIADROGASIL ON;Comércio e Distribuição;22,38;30/11/2021;21,28;28,19;178.205.000
338;RAIL3;ON NM;RUMO S.A. ON NM;Transporte;17,57;30/11/2021;15,99;21,70;226.445.000
339;RANI3;ON;CELULOSE IRANI ON;Madeira e Papel;7,04;30/11/2021;4,76;9,49;13.671.900
340;RAPT3;ON N1;RANDON S.A. IMPLEMENTOS E PARTICIPAÇÕES ON N1;Material de Transporte;12,78;30/11/2021;9,44;13,78;189.570
341;RAPT4;PN N1;RANDON S.A. IMPLEMENTOS E PARTICIPAÇÕES PN N1;Material de Transporte;11,07;30/11/2021;10,16;15,77;26.527.700
342;RCSL4;PN;RECRUSUL PN;Material de Transporte;1,30;30/11/2021;1,28;2,25;2.392.140
343;RDNI3;ON NM;RNI ON NM;Construção Civil;10,05;30/11/2021;7,99;12,90;275.778
344;RDOR3;ON NM;REDE D OR ON NM;Serv.Méd.Hospit. Análises e Diagnósticos;50,17;30/11/2021;50,17;75,09;145.327.000
345;REDE3;ON;REDE EMPRESAS DE ENERGIA ELÉTRICA S.A. ON;Energia Elétrica;6,50;30/11/2021;6,31;10,43;9.538
346;RENT3;ON;LOCALIZA RENT A CAR ON;Diversos;51,11;30/11/2021;45,30;73,62;353.462.000
347;RLOG3;ON NM;COSAN LOG ON NM;Transporte;23,08;05/03/2021;16,11;23,08;0
348;RNEW11;UNT N2;RENOVA UNT N2;Energia Elétrica;6,82;30/11/2021;6,82;20,49;88.410
349;RNEW3;ON N2;RENOVA ON N2;Energia Elétrica;2,40;30/11/2021;2,36;6,70;161.289
350;RNEW4;PN N2;RENOVA PN N2;Energia Elétrica;2,17;30/11/2021;2,17;6,80;466.454
351;ROMI3;ON;ROMI ON;Máquinas e Equipamentos;15,69;30/11/2021;11,25;36,93;10.609.400
352;RPAD3;ON;ALFA HOLDINGS ON;Intermediários Financeiros;6,30;30/11/2021;5,95;9,70;13.949
353;RPAD5;PNA;ALFA HOLDINGS PNA;Intermediários Financeiros;8,50;30/11/2021;8,05;10,50;6.522
354;RPAD6;PNB;ALFA HOLDINGS PNB;Intermediários Financeiros;5,34;26/11/2021;5,09;7,10;5.785
355;RPMG3;ON;REFINARIA DE PETRÓLEOS DE MANGUINHOS S.A ON;Petróleo, Gás e Biocombustíveis;2,93;30/11/2021;2,74;6,32;229.705
356;RRRP3;ON NM;3R PETROLEUM ON NM;Petróleo, Gás e Biocombustíveis;27,62;30/11/2021;23,87;49,00;110.691.000
357;RSID3;ON N1;ROSSI RESIDENCIAL ON N1;Construção Civil;7,94;30/11/2021;6,21;14,50;1.065.680
358;RSUL4;PN;METALURGICA RIOSULENSE S/A PN;Material de Transporte;74,99;30/11/2021;18,00;98,99;259.653
359;SANB11;UNT;SANTANDER UNT;Intermediários Financeiros;32,96;30/11/2021;32,71;42,52;104.748.000
360;SANB3;ON;SANTANDER ON;Intermediários Financeiros;15,50;30/11/2021;14,97;20,42;568.068
361;SANB4;PN;SANTANDER PN;Intermediários Financeiros;17,82;30/11/2021;17,10;22,14;966.834
362;SAPR11;UNT N2;SANEPAR UNT N2;Água e Saneamento;18,75;30/11/2021;18,25;27,02;27.717.600
363;SAPR3;ON;SANEPAR ON;Água e Saneamento;3,69;30/11/2021;3,52;6,35;2.440.590
364;SAPR4;PN;SANEPAR PN;Água e Saneamento;3,80;30/11/2021;3,72;5,19;19.459.500
365;SBFG3;ON;GRUPO SBF ON;Comércio;24,34;30/11/2021;20,73;39,52;32.886.000
366;SCAR3;ON;SÃO CARLOS EMPREEND.E PARTICIPAÇÕES S.A. ON;Exploração de Imóveis;36,00;30/11/2021;31,71;48,52;337.619
367;SEER3;ON NM;SER EDUCA ON NM;Diversos;10,34;30/11/2021;10,20;18,96;11.769.300
368;SEQL3;ON NM;SEQUOIA LOG ON NM;Serviços Diversos;9,80;30/11/2021;9,80;31,25;24.213.600
369;SGPS3;ON NM;Springs ON NM;Tecidos, Vestuário e Calçados;5,60;30/11/2021;5,60;14,72;623.661
370;SHOW3;ON NM;TIME FOR FUN ON NM;Viagens e Lazer;3,40;30/11/2021;2,81;7,79;2.744.190
371;SHUL4;PN;SCHULZ PN;Máquinas e Equipamentos;8,69;30/11/2021;6,03;11,18;2.599.590
372;SIMH3;ON NM;SIMPAR ON NM;Holdings Diversificadas;10,53;30/11/2021;7,28;17,47;32.661.300
373;SLCE3;ON NM;SLC Agricola ON NM;Agropecuária;38,38;30/11/2021;25,83;56,49;61.901.800
374;SLED3;ON;EDITORA SARAIVA ON;Comércio;0,64;30/11/2021;0,56;1,83;118.340
375;SLED4;PN;EDITORA SARAIVA PN;Comércio;0,35;30/11/2021;0,28;0,76;409.830
376;SMLS3;ON NM;SMILES ON NM;Diversos;22,40;04/06/2021;16,11;22,79;0
377;SMTO3;ON NM;SAO MARTINHO ON NM;Alimentos Processados;35,11;30/11/2021;22,95;40,34;55.676.900
378;SNSY5;PNA;SANSUY S.A. INDÚSTRIA DE PLÁSTICOS PNA;Materiais Diversos;5,07;30/11/2021;4,83;8,43;17.630
379;SOMA3;ON NM;GRUPO SOMA ON NM;Comércio;13,02;30/11/2021;11,90;20,20;81.138.600
380;SOND5;PNA;SONDOTECNICA S/A. PNA;Construção e Engenharia;34,53;01/11/2021;34,53;52,74;367
381;SOND6;PNB;SONDOTECNICA S/A. PNB;Construção e Engenharia;35,51;16/09/2021;34,13;49,49;0
382;SQIA3;ON;SINQIA ON;Programas e Serviços;15,47;30/11/2021;15,47;30,64;24.609.800
383;STBP3;ON NM;SBPAR ON NM;Transporte;5,99;30/11/2021;4,89;9,93;39.219.500
384;SULA11;UNT N2;Sul America UNT N2;Previdência e Seguros;24,96;30/11/2021;24,59;42,41;110.928.000
385;SULA3;ON N2;Sul America ON N2;Previdência e Seguros;8,53;30/11/2021;8,29;16,83;149.289
386;SULA4;PN;Sul America PN;Previdência e Seguros;8,30;30/11/2021;8,14;12,91;274.696
387;SUZB3;ON;Suzano Papel ON;Madeira e Papel;56,16;30/11/2021;48,38;79,18;427.948.000
388;TAEE11;UNT;TAESA UNT;Energia Elétrica;36,03;30/11/2021;28,07;40,69;90.358.800
389;TAEE3;ON N2;TAESA ON N2;Energia Elétrica;11,95;30/11/2021;9,40;13,57;913.718
390;TAEE4;PN N2;TAESA PN N2;Energia Elétrica;11,99;30/11/2021;9,40;13,56;2.094.900
391;TASA3;ON;TAURUS ARMAS ON;Máquinas e Equipamentos;22,25;30/11/2021;13,74;28,53;1.036.520
392;TASA4;PN;TAURUS ARMAS PN;Máquinas e Equipamentos;22,25;30/11/2021;14,01;28,76;28.853.200
393;TCNO3;ON;TECNOSOLO S/A ON;Construção e Engenharia;2,66;30/11/2021;1,67;7,83;122.580
394;TCNO4;PN;TECNOSOLO S/A PN;Construção e Engenharia;1,80;30/11/2021;1,30;6,28;180.993
395;TCSA3;ON NM;TECNISA ON NM;Construção Civil;3,47;30/11/2021;3,44;10,28;4.346.910
396;TECN3;ON NM;TECHNOS ON NM;Tecidos, Vestuário e Calçados;2,38;30/11/2021;1,22;4,06;12.499.000
397;TEKA3;ON;TEKA S.A. ON;Tecidos, Vestuário e Calçados;26,10;05/10/2021;21,56;107,00;65
398;TEKA4;PN;TEKA S.A. PN;Tecidos, Vestuário e Calçados;10,19;30/11/2021;8,40;28,50;43.419
399;TELB3;ON;TELEBRAS ON;Telecomunicações;45,00;30/11/2021;45,00;104,99;34.352
400;TELB4;PN;TELEBRAS PN;Telecomunicações;16,80;30/11/2021;16,80;34,65;75.039
401;TEND3;ON NM;Tenda ON NM;Construção Civil;17,07;30/11/2021;16,55;30,60;33.760.300
402;TESA3;ON NM;TERRA SANTA ON NM;Agropecuária;48,00;30/07/2021;25,58;50,80;0
403;TFCO4;PN;TRACK FIELD PN;Tecidos, Vestuário e Calçados;10,76;30/11/2021;10,76;16,38;1.499.040
404;TGMA3;ON NM;Tegma ON NM;Transporte;13,03;30/11/2021;13,03;28,58;7.103.650
405;TIET11;UNT N2;AES TIETE E UNT N2;Energia Elétrica;17,44;26/03/2021;15,38;17,66;0
406;TIET3;ON N2;AES TIETE E ON N2;Energia Elétrica;3,49;26/03/2021;3,10;3,57;0
407;TIET4;PN N2;AES TIETE E PN N2;Energia Elétrica;3,51;26/03/2021;3,09;3,53;0
408;TIMS3;ON NM;TIM ON NM;Telecomunicações;13,80;30/11/2021;11,16;14,67;103.248.000
409;TKNO4;PN;TEKNO PN;Siderurgia e Metalurgia;69,00;19/11/2021;38,65;69,00;995
410;TOTS3;ON NM;TOTVS ON NM;Programas e Serviços;31,69;30/11/2021;25,12;40,60;133.049.000
411;TPIS3;ON NM;TRIUNFO PARTICIPACOES SA ON NM;Transporte;1,87;30/11/2021;1,54;4,83;6.178.890
412;TRIS3;ON NM;Trisul ON NM;Construção Civil;5,44;30/11/2021;5,39;12,50;10.822.000
413;TRPL3;ON N1;TRANSMISSÃO PAULISTA ON N1;Energia Elétrica;31,19;30/11/2021;23,86;33,66;104.490
414;TRPL4;PN N1;TRANSMISSÃO PAULISTA PN N1;Energia Elétrica;23,30;30/11/2021;21,19;25,56;31.203.000
415;TUPY3;ON;TUPY ON;Material de Transporte;19,31;30/11/2021;19,18;26,15;19.160.300
416;TXRX3;ON;RENAUX ON;Tecidos, Vestuário e Calçados;29,80;28/10/2021;29,80;108,00;1.420
417;TXRX4;PN;RENAUX PN;Tecidos, Vestuário e Calçados;8,80;30/11/2021;8,60;12,80;8.633
418;UCAS3;ON NM;UNICASA ON NM;Utilidades Domésticas;4,00;30/11/2021;3,87;5,60;179.260
419;UNIP3;ON;UNIPAR PARTICIPAÇÕES S.A. ON;Químicos;93,90;30/11/2021;36,78;97,46;4.799.090
420;UNIP5;PNA;UNIPAR PARTICIPAÇÕES S.A. PNA;Químicos;92,00;30/11/2021;36,12;98,67;30.963
421;UNIP6;PNB;UNIPAR PARTICIPAÇÕES S.A. PNB;Químicos;89,09;30/11/2021;36,66;100,29;33.521.100
422;USIM3;ON N1;USIMINAS ON N1;Siderurgia e Metalurgia;13,00;30/11/2021;11,71;22,71;5.381.290
423;USIM5;PNA N1;USIMINAS PNA N1;Siderurgia e Metalurgia;13,59;30/11/2021;12,05;22,24;355.845.000
424;USIM6;PNB N1;USIMINAS PNB N1;Siderurgia e Metalurgia;18,97;24/11/2021;10,99;28,25;190
425;VALE3;ON NM;VALE ON NM;Mineração;69,95;30/11/2021;62,33;106,26;2.041.010.000
426;VAMO3;ON NM;VAMOS ON NM;Diversos;11,18;30/11/2021;7,44;18,40;50.649.800
427;VIVA3;ON NM;VIVARA S.A. ON NM;Tecidos, Vestuário e Calçados;24,51;30/11/2021;21,90;34,56;27.216.800
428;VIVR3;ON NM;VIVER ON NM;Construção Civil;1,38;30/11/2021;0,80;9,81;29.797.500
429;VIVT3;ON;TELEF BRASIL ON;Telecomunicações;50,29;30/11/2021;40,50;53,00;144.037.000
430;VLID3;ON NM;VALID ON NM;Serviços Diversos;8,26;30/11/2021;7,08;11,00;3.881.130
431;VULC3;ON;VULCABRAS S/A. ON;Tecidos, Vestuário e Calçados;10,10;30/11/2021;6,79;10,86;10.095.800
432;VIIA3;ON;VIA ON;Comércio;5,67;30/11/2021;5,56;17,65;311.872.000
433;WEGE3;ON N1;WEG SA ON N1;Máquinas e Equipamentos;32,23;30/11/2021;31,12;45,67;266.618.000
434;WEST3;ON NM;WESTWING ON NM;Programas e Serviços;3,30;30/11/2021;3,30;12,18;4.235.340
435;WHRL3;ON;WHIRLPOOL S.A. ON;Utilidades Domésticas;6,55;30/11/2021;6,14;7,05;55.541
436;WHRL4;PN;WHIRLPOOL S.A. PN;Utilidades Domésticas;8,02;30/11/2021;6,88;8,90;122.730
437;WIZS3;ON NM;WIZ S.A. ON NM;Previdência e Seguros;8,19;30/11/2021;5,62;18,54;25.993.700
438;WLMM3;ON;WLM ON;Comércio;35,00;19/11/2021;17,57;44,34;7.566
439;WLMM4;PN;WLM PN;Comércio;36,00;30/11/2021;23,51;42,25;65.971
440;WSON33;DR3;Wilson Sons DR3;Transporte;67,00;22/10/2021;39,13;68,21;517.003
441;YDUQ3;ON;YDUQS PART ON;Diversos;21,83;30/11/2021;20,86;36,55;73.384.300
442;NINJ3;ON NM;GETNINJAS ON NM;Programas e Serviços;3,81;30/11/2021;3,81;27,05;2.153.050
443;RECV3;ON NM;PETRORECONCA ON NM;Petróleo, Gás e Biocombustíveis;13,77;30/11/2021;13,56;20,68;15.548.400
444;MODL11;UNT N2;MODALMAIS UNT N2;Intermediários Financeiros;10,65;30/11/2021;10,65;18,83;6.674.880
445;CXSE3;ON NM;CAIXA SEGURI ON NM;Previdência e Seguros;8,22;30/11/2021;7,56;13,05;36.954.900
446;SOJA3;ON NM;BOA SAFRA ON NM;Agropecuária;14,94;30/11/2021;13,00;16,88;4.594.300
447;GGPS3;ON NM;GPS ON NM;Serviços Diversos;14,51;30/11/2021;11,91;19,76;22.205.400
448;BLAU3;ON NM;BLAU ON NM;Comércio e Distribuição;33,70;30/11/2021;33,30;53,84;17.473.700
449;DOTZ3;ON NM;DOTZ SA ON NM;Diversos;3,43;30/11/2021;3,43;17,15;546.016
450;BRBI11;UNT N2;BR PARTNERS UNT N2;Intermediários Financeiros;16,61;30/11/2021;16,55;28,34;4.365.450
451;IFCM3;ON NM;INFRACOMM ON NM;Programas e Serviços;14,43;30/11/2021;13,05;23,78;14.835.900
452;TTEN3;ON NM;3TENTOS ON NM;Agropecuária;7,40;30/11/2021;7,40;12,15;11.471.500
453;SMFT3;ON NM;SMART FIT ON NM;Viagens e Lazer;18,09;30/11/2021;18,09;32,20;29.185.500
454;CBAV3;ON NM;CBA ON NM;Mineração;11,97;30/11/2021;10,27;16,30;38.644.300
455;DESK3;ON NM;DESKTOPSIGMA ON NM;Telecomunicações;16,55;30/11/2021;15,15;26,45;9.149.450
456;MLAS3;ON NM;MULTILASER ON NM;Computadores e Equipamentos;6,66;30/11/2021;6,36;12,98;20.703.400
457;LVTC3;ON NM;WDC NETWORKS ON NM;Programas e Serviços;15,75;30/11/2021;15,75;26,73;5.280.080
458;AGXY3;ON NM;AGROGALAXY ON NM;Agropecuária;8,97;30/11/2021;7,00;10,65;336.084
459;FIQE3;ON NM;UNIFIQUE ON NM;Telecomunicações;6,13;30/11/2021;5,63;8,99;4.597.430
460;TRAD3;ON NM;TC ON NM;Programas e Serviços;7,89;30/11/2021;5,39;13,21;28.395.600
461;ARML3;ON NM;ARMAC ON NM;Diversos;21,65;30/11/2021;18,96;26,74;17.496.400
462;BRIT3;ON NM;BRISANET ON NM;Telecomunicações;5,70;30/11/2021;5,70;13,98;5.223.820
463;CLSA3;ON NM;CLEARSALE ON NM;Serviços Financeiros Diversos;9,65;30/11/2021;9,65;29,69;14.600.400
464;RAIZ4;PN N2;RAIZEN PN N2;Petróleo, Gás e Biocombustíveis;5,46;30/11/2021;5,46;7,36;77.762.700
465;VVEO3;ON NM;VIVEO ON NM;Comércio e Distribuição;17,02;30/11/2021;17,02;27,14;4.321.000
466;ONCO3;ON NM;ONCOCLINICAS ON NM;Serv.Méd.Hospit. Análises e Diagnósticos;7,76;30/11/2021;7,76;19,24;19.119.800
467;KRSA3;ON NM;KORA SAUDE ON NM;Serv.Méd.Hospit. Análises e Diagnósticos;5,03;30/11/2021;5,03;8,15;1.379.940
468;VITT3;ON NM;VITTIA ON NM;Químicos;12,60;30/11/2021;8,94;13,22;1.394.280
469;VBBR3;ON;VIBRA ON;Petróleo, Gás e Biocombustíveis;21,76;30/11/2021;17,53;29,13;258.821.000
